
-- 1. Kullanıcı Tipleri
CREATE TABLE KULLANICI_TIPLERI (
    TIP_ID NUMBER PRIMARY KEY,
    TIP_ADI VARCHAR2(20) NOT NULL
);

-- 2. Kullanıcılar
CREATE TABLE KULLANICILAR (
    KULLANICI_ID CHAR(4) PRIMARY KEY,
    TIP_ID NUMBER NOT NULL REFERENCES KULLANICI_TIPLERI(TIP_ID),
    AD VARCHAR2(50) NOT NULL,
    SOYAD VARCHAR2(50) NOT NULL
);

-- 3. Konumlar
CREATE TABLE KONUMLAR (
    KONUM_ID NUMBER GENERATED BY DEFAULT AS IDENTITY PRIMARY KEY,
    KONUM_ADI VARCHAR2(50) NOT NULL
);

-- 4. Masalar
CREATE TABLE MASALAR (
    MASA_ID NUMBER PRIMARY KEY,
    KONUM_ID NUMBER NOT NULL REFERENCES KONUMLAR(KONUM_ID),
    DURUM CHAR(1) DEFAULT 'N' CHECK (DURUM IN ('N', 'Y')),
    AKTIF_KULLANICI CHAR(4) REFERENCES KULLANICILAR(KULLANICI_ID),
    BASLANGIC_SAAT DATE,
    BITIS_SAAT DATE
);

-- 5. Fiş Kayıtları
CREATE TABLE FIS_KAYITLARI (
    FIS_ID NUMBER GENERATED BY DEFAULT AS IDENTITY PRIMARY KEY,
    KULLANICI_ID CHAR(4) NOT NULL REFERENCES KULLANICILAR(KULLANICI_ID),
    MASA_ID NUMBER NOT NULL REFERENCES MASALAR(MASA_ID),
    BASLANGIC_SAAT DATE DEFAULT SYSDATE,
    BITIS_SAAT DATE,
    AKTIF_MI CHAR(1) DEFAULT 'Y' CHECK (AKTIF_MI IN ('Y', 'N'))
);

-- 6. Trigger: FIS_KAYITLARI Ekleme ile MASALAR Güncelle
CREATE OR REPLACE TRIGGER trg_fis_kayit_ekle
AFTER INSERT ON FIS_KAYITLARI
FOR EACH ROW
BEGIN
    UPDATE MASALAR
    SET DURUM = 'Y',
        AKTIF_KULLANICI = :NEW.KULLANICI_ID,
        BASLANGIC_SAAT = :NEW.BASLANGIC_SAAT,
        BITIS_SAAT = :NEW.BITIS_SAAT
    WHERE MASA_ID = :NEW.MASA_ID;
END;
/

-- 7. Trigger: 90 Dakika Sonrası Masa Boşalt (manuel test için kullanılacak)
CREATE OR REPLACE TRIGGER trg_masa_bosalt
BEFORE UPDATE ON MASALAR
FOR EACH ROW
WHEN (NEW.BITIS_SAAT <= SYSDATE)
BEGIN
    :NEW.DURUM := 'N';
    :NEW.AKTIF_KULLANICI := NULL;
    :NEW.BASLANGIC_SAAT := NULL;
    :NEW.BITIS_SAAT := NULL;

    UPDATE FIS_KAYITLARI
    SET AKTIF_MI = 'N'
    WHERE MASA_ID = :OLD.MASA_ID AND AKTIF_MI = 'Y';
END;
/

-- 8. Test Verileri
-- Kullanıcı Tipleri
INSERT INTO KULLANICI_TIPLERI (TIP_ID, TIP_ADI) VALUES (1, 'ogrenci');
INSERT INTO KULLANICI_TIPLERI (TIP_ID, TIP_ADI) VALUES (2, 'personel');
INSERT INTO KULLANICI_TIPLERI (TIP_ID, TIP_ADI) VALUES (3, 'misafir');

-- Konumlar
INSERT INTO KONUMLAR (KONUM_ADI) VALUES ('Zemin Kat');
INSERT INTO KONUMLAR (KONUM_ADI) VALUES ('1. Kat');
INSERT INTO KONUMLAR (KONUM_ADI) VALUES ('2. Kat');

-- Masalar (1..100)
BEGIN
    FOR i IN 1..100 LOOP
        INSERT INTO MASALAR (MASA_ID, KONUM_ID) VALUES (i, MOD(i, 3) + 1);
    END LOOP;
END;
/

-- Kullanıcılar (Elle tek tek, 4 haneli ID)
INSERT INTO KULLANICILAR (KULLANICI_ID, TIP_ID, AD, SOYAD) VALUES ('1001', 1, 'Ayşe', 'Demir');
INSERT INTO KULLANICILAR (KULLANICI_ID, TIP_ID, AD, SOYAD) VALUES ('1002', 1, 'Mehmet', 'Yılmaz');
INSERT INTO KULLANICILAR (KULLANICI_ID, TIP_ID, AD, SOYAD) VALUES ('1003', 2, 'Ali', 'Kaya');
INSERT INTO KULLANICILAR (KULLANICI_ID, TIP_ID, AD, SOYAD) VALUES ('1004', 2, 'Elif', 'Koç');
INSERT INTO KULLANICILAR (KULLANICI_ID, TIP_ID, AD, SOYAD) VALUES ('1005', 3, 'Zeynep', 'Şahin');
INSERT INTO KULLANICILAR (KULLANICI_ID, TIP_ID, AD, SOYAD) VALUES ('1006', 1, 'Can', 'Çelik');
INSERT INTO KULLANICILAR (KULLANICI_ID, TIP_ID, AD, SOYAD) VALUES ('1007', 2, 'Ece', 'Aydın');
INSERT INTO KULLANICILAR (KULLANICI_ID, TIP_ID, AD, SOYAD) VALUES ('1008', 3, 'Yusuf', 'Yıldız');
INSERT INTO KULLANICILAR (KULLANICI_ID, TIP_ID, AD, SOYAD) VALUES ('1009', 1, 'Mert', 'Aslan');
INSERT INTO KULLANICILAR (KULLANICI_ID, TIP_ID, AD, SOYAD) VALUES ('1010', 2, 'Selin', 'Kurt');

-- Oturtma: 10 kullanıcıyı 10 masaya farklı saatlerle yerleştir
DECLARE
    v_start DATE := SYSDATE;
BEGIN
    FOR i IN 1..10 LOOP
        INSERT INTO FIS_KAYITLARI (KULLANICI_ID, MASA_ID, BASLANGIC_SAAT, BITIS_SAAT)
        VALUES (
            TO_CHAR(1000 + i),
            i,
            v_start + (i / 1440),
            v_start + (i / 1440) + (90 / 1440)
        );
    END LOOP;
END;
/

-- Masaya oturtma prosedürü
CREATE OR REPLACE PROCEDURE OTURT_KULLANICI (
    p_kullanici_id IN CHAR,
    p_masa_id IN NUMBER
) AS
    v_now DATE := SYSDATE;
    v_count NUMBER;
BEGIN
    SELECT COUNT(*) INTO v_count
    FROM FIS_KAYITLARI
    WHERE KULLANICI_ID = p_kullanici_id AND AKTIF_MI = 'Y';

    IF v_count > 0 THEN
        RAISE_APPLICATION_ERROR(-20001, 'Kullanıcının zaten aktif bir oturumu var.');
    END IF;

    INSERT INTO FIS_KAYITLARI (
        KULLANICI_ID, MASA_ID, BASLANGIC_SAAT, BITIS_SAAT
    ) VALUES (
        p_kullanici_id,
        p_masa_id,
        v_now,
        v_now + (90 / 1440)
    );
END;
/
-- Yeni Kullanıcılar
INSERT INTO KULLANICILAR (KULLANICI_ID, TIP_ID, AD, SOYAD) VALUES ('1011', 1, 'Ahmet', 'Demirtaş');
INSERT INTO KULLANICILAR (KULLANICI_ID, TIP_ID, AD, SOYAD) VALUES ('1012', 2, 'Fatma', 'Günay');
INSERT INTO KULLANICILAR (KULLANICI_ID, TIP_ID, AD, SOYAD) VALUES ('1013', 3, 'Kemal', 'Turan');
INSERT INTO KULLANICILAR (KULLANICI_ID, TIP_ID, AD, SOYAD) VALUES ('1014', 1, 'Emine', 'Erdoğan');
INSERT INTO KULLANICILAR (KULLANICI_ID, TIP_ID, AD, SOYAD) VALUES ('1015', 2, 'Cem', 'Aydın');
INSERT INTO KULLANICILAR (KULLANICI_ID, TIP_ID, AD, SOYAD) VALUES ('1016', 3, 'Hüseyin', 'Şimşek');
INSERT INTO KULLANICILAR (KULLANICI_ID, TIP_ID, AD, SOYAD) VALUES ('1017', 1, 'Feyza', 'Çolak');
INSERT INTO KULLANICILAR (KULLANICI_ID, TIP_ID, AD, SOYAD) VALUES ('1018', 2, 'Murat', 'Kara');
INSERT INTO KULLANICILAR (KULLANICI_ID, TIP_ID, AD, SOYAD) VALUES ('1019', 3, 'Pelin', 'Kocabaş');
INSERT INTO KULLANICILAR (KULLANICI_ID, TIP_ID, AD, SOYAD) VALUES ('1020', 1, 'Serkan', 'Öztürk');
INSERT INTO KULLANICILAR (KULLANICI_ID, TIP_ID, AD, SOYAD) VALUES ('1021', 2, 'Zeynep', 'Ertaş');
INSERT INTO KULLANICILAR (KULLANICI_ID, TIP_ID, AD, SOYAD) VALUES ('1022', 3, 'Hakan', 'Yavuz');
INSERT INTO KULLANICILAR (KULLANICI_ID, TIP_ID, AD, SOYAD) VALUES ('1023', 1, 'Seda', 'Başar');
INSERT INTO KULLANICILAR (KULLANICI_ID, TIP_ID, AD, SOYAD) VALUES ('1024', 2, 'Salih', 'Kök');
INSERT INTO KULLANICILAR (KULLANICI_ID, TIP_ID, AD, SOYAD) VALUES ('1025', 3, 'Büşra', 'Yılmaz');
INSERT INTO KULLANICILAR (KULLANICI_ID, TIP_ID, AD, SOYAD) VALUES ('1026', 1, 'Canan', 'Aksoy');
INSERT INTO KULLANICILAR (KULLANICI_ID, TIP_ID, AD, SOYAD) VALUES ('1027', 2, 'Cevdet', 'Kutlu');
INSERT INTO KULLANICILAR (KULLANICI_ID, TIP_ID, AD, SOYAD) VALUES ('1028', 3, 'Melis', 'İnan');
INSERT INTO KULLANICILAR (KULLANICI_ID, TIP_ID, AD, SOYAD) VALUES ('1029', 1, 'Tuna', 'Özdemir');
INSERT INTO KULLANICILAR (KULLANICI_ID, TIP_ID, AD, SOYAD) VALUES ('1030', 2, 'Fikret', 'Karaca');

BEGIN
    -- 1. Ahmet Demirtaş
    OTURT_KULLANICI('1011', 11);
    -- 2. Fatma Günay
    OTURT_KULLANICI('1012', 12);
    -- 3. Kemal Turan
    OTURT_KULLANICI('1013', 13);
    -- 4. Emine Erdoğan
    OTURT_KULLANICI('1014', 14);
    -- 5. Cem Aydın
    OTURT_KULLANICI('1015', 15);
    -- 6. Hüseyin Şimşek
    OTURT_KULLANICI('1016', 16);
    -- 7. Feyza Çolak
    OTURT_KULLANICI('1017', 17);
    -- 8. Murat Kara
    OTURT_KULLANICI('1018', 18);
    -- 9. Pelin Kocabaş
    OTURT_KULLANICI('1019', 19);
    -- 10. Serkan Öztürk
    OTURT_KULLANICI('1020', 20);
    -- 11. Zeynep Ertaş
    OTURT_KULLANICI('1021', 21);
    -- 12. Hakan Yavuz
    OTURT_KULLANICI('1022', 22);
    -- 13. Seda Başar
    OTURT_KULLANICI('1023', 23);
    -- 14. Salih Kök
    OTURT_KULLANICI('1024', 24);
    -- 15. Büşra Yılmaz
    OTURT_KULLANICI('1025', 25);
    -- 16. Canan Aksoy
    OTURT_KULLANICI('1026', 26);
    -- 17. Cevdet Kutlu
    OTURT_KULLANICI('1027', 27);
    -- 18. Melis İnan
    OTURT_KULLANICI('1028', 28);
    -- 19. Tuna Özdemir
    OTURT_KULLANICI('1029', 29);
    -- 20. Fikret Karaca
    OTURT_KULLANICI('1030', 30);
END;
/
